<toolSet name="NDK">
  <tool name="javah" description="javah" showInMainMenu="false" showInEditor="false" showInProject="false" showInSearchPopup="false" disabled="false" useConsole="true" showConsoleOnStdOut="false" showConsoleOnStdErr="false" synchronizeAfterRun="true">
    <exec>
      <option name="COMMAND" value="$JDKPath$\bin\javah.exe" />
      <option name="PARAMETERS" value="$FileClass$" />
      <option name="WORKING_DIRECTORY" value="$ModuleFileDir$/src/main/java" />
    </exec>
  </tool>
  <tool name="ndk-build" description="ndk-build" showInMainMenu="false" showInEditor="false" showInProject="false" showInSearchPopup="false" disabled="false" useConsole="true" showConsoleOnStdOut="false" showConsoleOnStdErr="false" synchronizeAfterRun="true">
    <exec>
      <option name="COMMAND" value="D:\Dev\Android\SDK\ndk-bundle\ndk-build.cmd" />
      <option name="PARAMETERS" />
      <option name="WORKING_DIRECTORY" value="$ProjectFileDir$/app/src/main" />
    </exec>
  </tool>
  <tool name="ndk-clean" description="ndk-clean" showInMainMenu="false" showInEditor="false" showInProject="false" showInSearchPopup="false" disabled="false" useConsole="true" showConsoleOnStdOut="false" showConsoleOnStdErr="false" synchronizeAfterRun="true">
    <exec>
      <option name="COMMAND" value="D:\Dev\Android\SDK\ndk-bundle\ndk-build.cmd" />
      <option name="PARAMETERS" value="clean" />
      <option name="WORKING_DIRECTORY" value="$ProjectFileDir$/app/src/main" />
    </exec>
  </tool>
</toolSet>