<application>
  <component name="FileTypeManager" version="17">
    <extensionMap>
      <mapping ext="webp" type="Image" />
      <mapping ext="main.kts" type="Kotlin" />
      <mapping ext="gradle.kts" type="Kotlin" />
      <mapping pattern="test_file" type="PLAIN_TEXT" />
      <mapping pattern="QATips" type="PLAIN_TEXT" />
      <mapping pattern="version" type="PLAIN_TEXT" />
      <mapping pattern="DeveloperTips" type="PLAIN_TEXT" />
      <mapping pattern="item_view_dynamic_bubble_demo" type="PLAIN_TEXT" />
      <mapping pattern="test" type="PLAIN_TEXT" />
      <mapping pattern="CustomTransform" type="PLAIN_TEXT" />
      <mapping pattern="target" type="PLAIN_TEXT" />
      <mapping ext="ngramdict" type="PLAIN_TEXT" />
      <mapping ext="readable" type="PLAIN_TEXT" />
      <mapping ext="keystore" type="PLAIN_TEXT" />
      <mapping ext="target" type="PLAIN_TEXT" />
      <mapping ext="md" type="PLAIN_TEXT" />
      <mapping ext="dat" type="PLAIN_TEXT" />
      <mapping ext="dict" type="PLAIN_TEXT" />
      <mapping ext="cfg" type="PLAIN_TEXT" />
      <mapping ext="mk" type="PLAIN_TEXT" />
      <mapping ext="transformplugin" type="PLAIN_TEXT" />
      <mapping ext="model" type="PLAIN_TEXT" />
      <mapping ext="ini" type="PLAIN_TEXT" />
      <mapping ext="db" type="PLAIN_TEXT" />
    </extensionMap>
  </component>
</application>