<application>
  <component name="ProjectManager">
    <defaultProject>
      <component name="CMakeSettings">
        <configurations>
          <configuration PROFILE_NAME="Debug" CONFIG_NAME="Debug" />
        </configurations>
      </component>
      <component name="GradleLocalSettings">
        <option name="projectSyncType">
          <map>
            <entry key="$USER_HOME$/Desktop/libyellowbubble" value="PREVIEW" />
            <entry key="D:/Project/Personal/TechStack/Android/Service" value="PREVIEW" />
            <entry key="D:/Project/Teddy/SMS/Android/Tinker" value="PREVIEW" />
          </map>
        </option>
      </component>
      <component name="ProjectRootManager" version="2" languageLevel="JDK_1_3" />
      <component name="PropertiesComponent">
        <property name="android.sdk.path" value="D:/Dev/Android/sdk" />
        <property name="last_opened_file_path" value="D:/Project/Teddy/SMS/Android" />
        <property name="settings.editor.selected.configurable" value="preferences.pluginManager" />
      </component>
      <component name="RunManager">
        <configuration name="&lt;template&gt;" type="Applet" default="true" selected="false">
          <option name="MAIN_CLASS_NAME" />
          <option name="HTML_FILE_NAME" />
          <option name="HTML_USED" value="false" />
          <option name="WIDTH" value="400" />
          <option name="HEIGHT" value="300" />
          <option name="POLICY_FILE" value="$APPLICATION_HOME_DIR$/bin/appletviewer.policy" />
          <option name="VM_PARAMETERS" />
        </configuration>
        <configuration default="true" type="JUnit" factoryName="JUnit">
          <extension name="coverage" enabled="false" merge="false" sample_coverage="true" runner="idea" />
          <module name="" />
          <option name="ALTERNATIVE_JRE_PATH_ENABLED" value="false" />
          <option name="ALTERNATIVE_JRE_PATH" />
          <option name="PACKAGE_NAME" />
          <option name="MAIN_CLASS_NAME" />
          <option name="METHOD_NAME" />
          <option name="TEST_OBJECT" value="class" />
          <option name="VM_PARAMETERS" value="-ea" />
          <option name="PARAMETERS" />
          <option name="WORKING_DIRECTORY" value="$MODULE_DIR$" />
          <option name="ENV_VARIABLES" />
          <option name="PASS_PARENT_ENVS" value="true" />
          <option name="TEST_SEARCH_SCOPE">
            <value defaultName="singleModule" />
          </option>
          <envs />
          <patterns />
          <method />
        </configuration>
        <configuration name="&lt;template&gt;" type="#org.jetbrains.idea.devkit.run.PluginConfigurationType" default="true" selected="false">
          <option name="VM_PARAMETERS" value="-Xmx512m -Xms256m -XX:MaxPermSize=250m -ea" />
        </configuration>
        <configuration default="true" type="Application" factoryName="Application">
          <option name="WORKING_DIRECTORY" value="$PROJECT_DIR$" />
          <method v="2">
            <option name="Make" enabled="true" />
          </method>
        </configuration>
        <configuration default="true" type="TestNG" factoryName="TestNG">
          <option name="WORKING_DIRECTORY" value="$MODULE_DIR$" />
          <properties />
          <listeners />
          <method v="2">
            <option name="Make" enabled="true" />
          </method>
        </configuration>
      </component>
      <component name="VcsContentAnnotationSettings">
        <option name="myLimit" value="2678400000" />
      </component>
      <component name="masterDetails">
        <states>
          <state key="ProjectJDKs.UI">
            <settings>
              <last-edited>1.8</last-edited>
              <splitter-proportions>
                <option name="proportions">
                  <list>
                    <option value="0.2" />
                  </list>
                </option>
              </splitter-proportions>
            </settings>
          </state>
        </states>
      </component>
    </defaultProject>
  </component>
</application>